[{"id":1,"name":"Resaltador Stabilo Swing Cool Paster x6, la mejor calidad","price":"95","description":"Marca Nº1 en resaltadores. Colores pastel, punta biselada. Colores disponibles:\r\n-amarillo\r\n-celeste\r\n-lila\r\n-naranja\r\n-rosa\r\n-verde","discount":"10","category":"2","subcategory":"Marcadores","image":["marcadorStabilo.jpg"]},{"id":2,"name":"Sharpie Kit Lettering crea tus diseños 30 Pcs Bunny Toys","price":4500,"description":"El Set Lettering Sharpie contiene:\n-10 Marcadores Permanentes Sharpie Punta Fina\n-4 Boligrafos Sharpie Pen-\n6 Boligrafos Sharpie Pen Brush\n-2 Marcadores Sharpie Paint\n-5 Sobres con Tarjeta\n-3 Tarjetas portanombres","discount":20,"category":"2","subcategory":"Marcadores","image":["marcadorSharpie.jpg"]},{"id":3,"name":"Carpeta Mooving fortnite a4 2 anillos x40cm","price":350,"description":"Carpeta Mooving de fortnite a4 2 anillos x40 centimetros","discount":5,"category":"1","subcategory":"Carpetas","image":["carpetaFornite.jpg"]},{"id":4,"name":"Cartuchera Mooving doble cierre fortnite, reforzada con skins","price":"735","description":"Cartuchera Mooving doble cierre fortnite ","discount":"5","category":"1","subcategory":"Cartucheras","image":["cartucheraFornite.jpg"]},{"id":5,"name":"Acrilico profesional Winsor & Newton 60ml, calidad premium","price":"1010","description":"El acrílico profesional es nuestra gama posee la calidad más fina. Combina nuestra experiencia con los colores y los últimos avances en tecnología de resina. Nuestros 80 colores son brillantes cuando están húmedos y siguen siendo tan brillante cuando están seco. Lo que se ve es realmente lo que es.\r\nCon 62 colores individuales de pigmento esto crea el más limpio espectro brillante y las mejores oportunidades de mezcla de color.","discount":"25","category":"2","subcategory":"Acrilicos","image":["acrilicoWinsor.jpg"]},{"id":6,"name":"Bandeja acuarela Giotto 24 colores + pincel","price":"628","description":"Las acuarelas Giotto proporcionan una gama de colores brillantes, vivos y opacos para que crees tu obra maestra.\r\nMezcla los colores como un chef mezcla sus ingredientes para crear una realidad mágica.\r\nY para fantásticos efectos de acuarela simplemente diluye la pintura con agua. ","discount":"15","category":"2","subcategory":"Acuarelas","image":["acuarelaGiotto.jpg"]},{"id":7,"name":"Acuarelas Rembrandt traditional estuche X22","price":28123,"description":"Rembrandt es el nombre legendario de una gama que es conocida por su calidad superior e inigualable. Se ha desarrollado a través de pura habilidad y visión artística y se basa en las mejores materias primas.\nContenido:\n-22 sartenes (108-224-254-268-270-336-366-370-371-409-411-416-506-508-532-535-615-620-623-662-702-708)\n-1 cepillo serie 110 no. 4 (cabello puro rojo sable)\n-Bandeja mezcladora de porcelana","discount":10,"category":"2","subcategory":"Acuarelas","image":["acuarelasRembrandtEstuche.jpg"]},{"id":8,"name":"Mini pincel Winsor & Newton","price":449,"description":"Pincel Winsor & Newton mini, pincel de bolsillo.\nEspecial para acuarelas, gouache, tinta.","discount":20,"category":"2","subcategory":"Pinceles","image":["pincelImg1.jpg","pincelImg2.jpg"]},{"id":9,"name":"Valija Cresko Disney Spiderman 17","price":5240,"description":"Valija Cresko Disney Spiderman 17","discount":5,"category":"1","subcategory":"Mochilas","image":["mochilaSpiderman.jpg"]},{"id":10,"name":"Lapices de colores Faber Castell Kit","price":665,"description":"Lápices de madera clásicos: lápices de color estándar con forma hexagonal. \n Destacan por sus colores intensos y por un especial proceso de encolado que hace que las minas sean súper resistentes a la rotura. \n Los lápices de color clásicos están disponibles en 60 colores diferentes.","discount":0,"category":"1","subcategory":"Lápices","image":["lapicesFaber.jpg"]},{"id":11,"name":"COMPAS PLAN-TEC 9112 BIGOTERA AJUSTE RAPIDO","price":1450,"description":"Con dispositivo de ajuste rápido y regulador micrométrico. Para círculos de 1mm a 300mm Conjunto: compás, adaptador universar y portaminas","discount":5,"category":"2","subcategory":"Compás","image":["compas.jpg"]},{"id":12,"name":"CUADERNO EXITO TAPA DURA FORRADO UNIVERSO Nº3 48 HOJAS","price":195,"description":"CUADERNO TAPA DURA 19X24 48 HOJAS RAYADAS UNIVERSO EXITO E3 \n* 10 COLORES A ELECCION\n*CUADERNO COCIDO\n*FORRADO EN VINILICO LAVABLE\n*PAPEL DE FIBRA DE CAÑA\n","discount":5,"category":"1","subcategory":"Cuadernos","image":["cuadernoExito.jpg"]},{"id":13,"name":"MARCADOR ALBA ACRYLIC 6MM (COLORES VARIOS)","price":290,"description":"-son de base acrilica \n-20 colores compatibles con Decoralba \n-multisuperficie (papel-carton-tela-vidrio-pared-macetas-mdf-etc...)\n-vienen 2 puntas (chisel y bullet)\n-colores brillantes\n-resistencia UV","discount":0,"category":"2","subcategory":"Marcadores","image":["marcAlba.jpg"]},{"id":14,"name":"BARNIZ POLIURETANICO AL AGUA EUREKA X 250ML","price":324,"description":"Barniz poliuretanico al agua ofrece una variada gama de aplicación, es de secado rápido.\nLa pelicula protectora que forma no deja formar rayas de pincel, debido a su poder autonivelante. de terminación brillante, muy resistente y duradera.\nO AMARILLEA APTO PARA INTERIORES Y EXTERIORES SECADO AL TACTO 1 HORA, DOS MANOS DE 2 A 3 HORAS.\n SECADO TOTAL 24 HORAS.","discount":8,"category":"2","subcategory":"Barniz","image":["barnizPol.jpg"]},{"id":15,"name":"TINTA ROTRING PARA ESTILOGRAFO 250ML. COLOR NEGRO","price":2588,"description":"Adecuada para papel vegetal, papel de dibujo, cartulina de dibujo y y tus proyectos. Tiene gran fluidez, es muy opaca y presenta buena adherencia. No mancha cuando se seca, imborrable , resistente a la luz, adecuada para todo tipo de reproducciones, admite la mezcla de tintas de distintos colores, gran pureza del color.","discount":5,"category":"2","subcategory":"Tintas","image":["tintaEstil.jpg"]},{"id":16,"name":"GOMA STABILO EXAM GRADE NEGRA","price":65,"description":"GOMA STABILO EXAM GRADE NEGRA","discount":0,"category":"1","subcategory":"Gomas","image":["gomaStabilo.jpg"]},{"id":17,"name":"TIJERA PIZZINI SPAZIO ACERO 17 CM ACERO MANGO PLASTICO","price":120,"description":"TIJERA PIZZINI SPAZIO ACERO 17 CM ACERO MANGO PLASTICO","discount":15,"category":"1","subcategory":"Tijeras","image":["tijeraPizzini.jpg"]},{"id":18,"name":"CAJA PLASTICA UTIL-OF AMERICANA","price":781,"description":"COLOR AZUL 2,5 X 32,5 X 25,5 CM","discount":5,"category":"3","subcategory":"Cajas","image":["cajaArch.jpg"]},{"id":19,"name":"CAJA UTIL-OF KRAFT","price":230,"description":"LOMO 4 CM 3 SOLAPAS PLASTIFICADA MARRON","discount":5,"category":"3","subcategory":"Cajas","image":["cajaCart.jpg"]},{"id":20,"name":"BASTIDOR SEURAT 20X20 CM TELA ESTUDIO GRANO FINO","price":208,"description":"Bastidor Seurat\nTela Estudio\nGrano Fino","discount":12,"category":"2","subcategory":"Bastidores","image":["bastidor.jpg"]},{"id":21,"name":"BASTIDOR SEURAT","price":703,"description":"50X65 CM TELA ESTUDIO GRANO FINO","discount":5,"category":"2","subcategory":"Bastidores","image":["bast2.jpg"]},{"id":22,"name":"CINTA UTIL-OF ADHESIVA 48 X 50 YDS TRANSPARENTE DE EMBALAR","price":59,"description":"Cinta adhesiva de embalar transparente 48x50 METROS\nPrimera Marca, Primera Calidad","discount":5,"category":"3","subcategory":"Cintas adhesivas","image":["cinta.jpg"]},{"id":23,"name":"PIZARRA GALAXIA 80X120","price":2600,"description":"Pizarra blanca laminada Galaxia.\nDimensiones: 80x120\nMarco metálico color negro.","discount":5,"category":"3","subcategory":"Pizarras","image":["pizarra.jpg"]},{"id":24,"name":"PERFORADORA MIT CHICA PINTADA","price":485,"description":"Perforador metálico y zona de sujeción antideslizante.\nCuerpo metálico muy resistente. Practicidad y suavidad de funcionamiento con mecanismo de punzón sin fricción.","discount":5,"category":"3","subcategory":"Perforadoras","image":["perforadora.jpg"]},{"id":25,"name":"BIBLIORATO AVIOS LOMO DE PAPEL LEGAL","price":208,"description":"Reforzado, la mejor calidad","discount":5,"category":"3","subcategory":"Bliblioratos","image":["bibliorato.jpg"]},{"id":26,"name":"SOBRE MEDORO CAJA A1386 OFICIO CON VENTANA INGLES BOBINA OBRA POR 500 UNIDADES","price":2260,"description":"Papel obre, la mejor calidad","discount":5,"category":"3","subcategory":"Sobres","image":["sobresCarta.jpg"]},{"id":27,"name":"SOBRE MEDORO CAJA 2781 OBRA 12.5X19 BOLSA 80GRS POR 100 UNIDADES","price":3100,"description":"Sobre tipo caja, varias medidas","discount":5,"category":"3","subcategory":"Sobres","image":["sobreCaja.jpg"]},{"id":28,"name":"CABALLETE VERTICAL A VARILLA LUSTRADO SEURAT","price":45960,"description":"-Caballete vertical a varilla roscada lustrado\n-Medidas cerrado: 99x92x222\n-Altura maxima Mastil 340 cm\n-Altura maxima de bastidor soportado  275cm","discount":5,"category":"2","subcategory":"Caballetes y Atriles","image":["caballete.jpg"]},{"id":29,"name":"ATRIL A MORZA REGULABLE LUSTRADO SEURAT","price":6210,"description":"Atril a morza regulable lustrado Seurat ","discount":5,"category":"2","subcategory":"Caballetes y Atriles","image":["atril.jpg"]},{"id":30,"name":"ESTUCHE ALBA OLEO EXTRA FINO 10 POMOS DE 18ML","price":"2372","description":"Estuche Alba Oeo Profesional\r\nContiene 10 pomos de 18ml de óleos extra fino para uso profesional.","discount":"5","category":"2","subcategory":"Oleos","image":["cajaOleo.jpg"]},{"id":31,"name":"REPUESTO EXITO Nº3 CAJA FAMILIAR POR 480 HOJAS RAYADO","price":740,"description":"Nº3 CAJA FAMILIAR POR 480 HOJAS RAYADO","discount":5,"category":"1","subcategory":"Repuestos","image":["repuestoExito.jpg"]},{"id":32,"name":"REPUESTO RIVADAVIA Nº 3 FAMILIAR POR 288 HOJAS PERSONAJES","price":299,"description":"Nº 3  CAJA FAMILIAR POR 288 HOJAS PERSONAJES","discount":5,"category":"1","subcategory":"Repuestos","image":["repuestoRivadavia.jpg"]},{"id":33,"name":"ADSFWRFSDV","price":"4500","description":"","discount":"","category":"2","subcategory":"Prueba","image":["default-image.png"]}]