[{"id":1,"nombre":"Jeni","apellido":"Simao","email":"jsimao0@nyu.edu","password":"lIts05","telefono":"404-549-0845","calle":"Waywood","numero":"149","dpto":9,"cpostal":"30356","provincia":"Georgia","localidad":"Illinois"},{"id":2,"nombre":"Elisabet","apellido":"Worg","email":"eworg1@qq.com","password":"2tMzhKUFB","telefono":"763-319-4085","calle":"International","numero":"78850","dpto":19,"cpostal":"55412","provincia":"Minnesota","localidad":"California"},{"id":3,"nombre":"Raeann","apellido":"Smittoune","email":"rsmittoune2@who.int","password":"0U9IrBv","telefono":"315-450-4766","calle":"Talmadge","numero":"613","dpto":9,"cpostal":"13210","provincia":"New York","localidad":"California"},{"id":4,"nombre":"Homerus","apellido":"Danzelman","email":"hdanzelman3@whitehouse.gov","password":"nrBippj9j2","telefono":"713-540-1030","calle":"Maryland","numero":"0","dpto":18,"cpostal":"77388","provincia":"Texas","localidad":"Pennsylvania"},{"id":5,"nombre":"Avivah","apellido":"Greep","email":"agreep4@infoseek.co.jp","password":"2RjpZHpW","telefono":"410-166-1081","calle":"Kipling","numero":"3","dpto":12,"cpostal":"20904","provincia":"Maryland","localidad":"District of Columbia"},{"id":6,"nombre":"Omero","apellido":"Rawcliff","email":"orawcliff5@indiatimes.com","password":"9TvQLKd","telefono":"402-485-3413","calle":"Vernon","numero":"60","dpto":13,"cpostal":"68524","provincia":"Nebraska","localidad":"Maryland"},{"id":7,"nombre":"Retha","apellido":"Harsent","email":"rharsent6@istockphoto.com","password":"JzVO7j","telefono":"904-499-0597","calle":"Rockefeller","numero":"9","dpto":10,"cpostal":"32220","provincia":"Florida","localidad":"California"},{"id":8,"nombre":"Dominica","apellido":"Ughini","email":"dughini7@flickr.com","password":"upimx8","telefono":"831-600-9651","calle":"Oriole","numero":"03","dpto":3,"cpostal":"95064","provincia":"California","localidad":"California"},{"id":9,"nombre":"Benjie","apellido":"Tidder","email":"btidder8@time.com","password":"GiDYxc","telefono":"714-990-7201","calle":"Lukken","numero":"5","dpto":14,"cpostal":"92862","provincia":"California","localidad":"Minnesota"},{"id":10,"nombre":"Lissa","apellido":"Macilhench","email":"lmacilhench9@reference.com","password":"FKLmDWM","telefono":"603-454-1603","calle":"Nevada","numero":"450","dpto":10,"cpostal":"00214","provincia":"New Hampshire","localidad":"Kansas"},{"id":11,"nombre":"Kylie","apellido":"Darkin","email":"kdarkina@psu.edu","password":"D1C8dgfcGx","telefono":"541-592-4164","calle":"Morning","numero":"2","dpto":9,"cpostal":"97405","provincia":"Oregon","localidad":"Texas"},{"id":12,"nombre":"Florentia","apellido":"Prott","email":"fprottb@unc.edu","password":"WSvrecdbwkn","telefono":"713-664-1663","calle":"Acker","numero":"38","dpto":3,"cpostal":"77240","provincia":"Texas","localidad":"Minnesota"},{"id":13,"nombre":"Kirstin","apellido":"Lamberts","email":"klambertsc@webeden.co.uk","password":"dUV9zK97o0","telefono":"412-358-4461","calle":"Mallory","numero":"98200","dpto":13,"cpostal":"15279","provincia":"Pennsylvania","localidad":"California"},{"id":14,"nombre":"Caritta","apellido":"Struijs","email":"cstruijsd@geocities.com","password":"UU6ZixjgCGx","telefono":"415-327-9814","calle":"Moland","numero":"027","dpto":13,"cpostal":"94116","provincia":"California","localidad":"Florida"},{"id":15,"nombre":"Darn","apellido":"Cromly","email":"dcromlye@yahoo.com","password":"F8J5RbRMApk","telefono":"801-386-4745","calle":"American Ash","numero":"882","dpto":2,"cpostal":"84140","provincia":"Utah","localidad":"California"},{"id":16,"nombre":"Delcine","apellido":"Randal","email":"drandalf@tmall.com","password":"cFTaKS5Uu8Fq","telefono":"309-593-8489","calle":"Lyons","numero":"4","dpto":18,"cpostal":"61709","provincia":"Illinois","localidad":"Ohio"},{"id":17,"nombre":"Ricard","apellido":"Wigglesworth","email":"rwigglesworthg@devhub.com","password":"hkJ12C9","telefono":"408-459-4103","calle":"Donald","numero":"3","dpto":16,"cpostal":"95113","provincia":"California","localidad":"Iowa"},{"id":18,"nombre":"Kerstin","apellido":"McDuffie","email":"kmcduffieh@mapy.cz","password":"Er5uYpi","telefono":"954-924-1914","calle":"Rigney","numero":"95469","dpto":10,"cpostal":"33330","provincia":"Florida","localidad":"California"},{"id":19,"nombre":"Pamela","apellido":"Barnbrook","email":"pbarnbrooki@huffingtonpost.com","password":"AdP6Sset6QIA","telefono":"614-278-1482","calle":"Dunning","numero":"66959","dpto":13,"cpostal":"43220","provincia":"Ohio","localidad":"Ohio"},{"id":20,"nombre":"Zonnya","apellido":"Cleiment","email":"zcleimentj@yahoo.com","password":"g7klVqr6k7wc","telefono":"615-451-1304","calle":"Granby","numero":"9071","dpto":9,"cpostal":"37215","provincia":"Tennessee","localidad":"Tennessee"},{"id":21,"nombre":"Dunc","apellido":"O'Hollegan","email":"dohollegank@sciencedirect.com","password":"fRAfGai5","telefono":"404-746-0008","calle":"Buell","numero":"3451","dpto":14,"cpostal":"30351","provincia":"Georgia","localidad":"Texas"},{"id":22,"nombre":"Patrizius","apellido":"Rowling","email":"prowlingl@bbc.co.uk","password":"ie9CXhjDzN","telefono":"407-191-3525","calle":"Oakridge","numero":"9","dpto":20,"cpostal":"32891","provincia":"Florida","localidad":"California"},{"id":23,"nombre":"Tucky","apellido":"Beevor","email":"tbeevorm@hud.gov","password":"vLVp5w","telefono":"404-451-8248","calle":"Cottonwood","numero":"89224","dpto":11,"cpostal":"30356","provincia":"Georgia","localidad":"District of Columbia"},{"id":24,"nombre":"Lauritz","apellido":"Grindall","email":"lgrindalln@army.mil","password":"g1WJXqXrZRp","telefono":"217-901-3382","calle":"Pepper Wood","numero":"3","dpto":19,"cpostal":"62711","provincia":"Illinois","localidad":"Tennessee"},{"id":25,"nombre":"Catharine","apellido":"Reeday","email":"creedayo@howstuffworks.com","password":"QAM0mP","telefono":"571-618-0582","calle":"Novick","numero":"8","dpto":13,"cpostal":"22333","provincia":"Virginia","localidad":"Illinois"},{"id":26,"nombre":"Cyb","apellido":"D'Arrigo","email":"cdarrigop@thetimes.co.uk","password":"nctmJfm","telefono":"510-623-6668","calle":"Scott","numero":"5","dpto":5,"cpostal":"94712","provincia":"California","localidad":"California"},{"id":27,"nombre":"Gustav","apellido":"Fearneley","email":"gfearneleyq@facebook.com","password":"F6Mumkzau9gB","telefono":"404-202-4754","calle":"Toban","numero":"30724","dpto":9,"cpostal":"31132","provincia":"Georgia","localidad":"Missouri"},{"id":28,"nombre":"Franni","apellido":"Fielding","email":"ffieldingr@w3.org","password":"zoj6ykzKm","telefono":"315-135-4479","calle":"Tennyson","numero":"0","dpto":18,"cpostal":"13224","provincia":"New York","localidad":"Washington"},{"id":29,"nombre":"Patsy","apellido":"Iannello","email":"piannellos@chicagotribune.com","password":"25yWt4","telefono":"806-465-6377","calle":"Canary","numero":"004","dpto":4,"cpostal":"79105","provincia":"Texas","localidad":"District of Columbia"},{"id":30,"nombre":"Felicio","apellido":"Perutto","email":"fperuttot@ted.com","password":"LUPM382LMsmp","telefono":"408-617-4570","calle":"Gateway","numero":"8335","dpto":19,"cpostal":"95108","provincia":"California","localidad":"Missouri"},{"id":31,"nombre":"Genni","apellido":"Gautrey","email":"ggautreyu@dailymotion.com","password":"M51ovf","telefono":"202-490-7363","calle":"Drewry","numero":"48","dpto":16,"cpostal":"56944","provincia":"District of Columbia","localidad":"Florida"},{"id":32,"nombre":"Petronilla","apellido":"Cockburn","email":"pcockburnv@angelfire.com","password":"AhIxX0XJ7U","telefono":"509-753-2610","calle":"Jenifer","numero":"4","dpto":17,"cpostal":"99220","provincia":"Washington","localidad":"Missouri"},{"id":33,"nombre":"Merilee","apellido":"Muddimer","email":"mmuddimerw@clickbank.net","password":"hSyBl7hg","telefono":"202-135-5614","calle":"Truax","numero":"438","dpto":13,"cpostal":"20425","provincia":"District of Columbia","localidad":"Alabama"},{"id":34,"nombre":"Ralina","apellido":"Addams","email":"raddamsx@friendfeed.com","password":"QiDtOGL1Juj","telefono":"410-614-8705","calle":"Morning","numero":"33650","dpto":11,"cpostal":"21281","provincia":"Maryland","localidad":"Illinois"},{"id":35,"nombre":"Vaughn","apellido":"Elliston","email":"vellistony@nhs.uk","password":"2oml4wi","telefono":"512-112-9017","calle":"Arizona","numero":"664","dpto":9,"cpostal":"78759","provincia":"Texas","localidad":"Oregon"},{"id":36,"nombre":"Dudley","apellido":"McTavish","email":"dmctavishz@multiply.com","password":"g3ihVs","telefono":"216-490-6832","calle":"Shopko","numero":"4","dpto":4,"cpostal":"44197","provincia":"Ohio","localidad":"Texas"},{"id":37,"nombre":"Dar","apellido":"Chicken","email":"dchicken10@sina.com.cn","password":"uCsPcydU92mc","telefono":"912-816-9229","calle":"Paget","numero":"8","dpto":4,"cpostal":"31217","provincia":"Georgia","localidad":"Minnesota"},{"id":38,"nombre":"Nicolette","apellido":"McEneny","email":"nmceneny11@infoseek.co.jp","password":"HJnKQaGQ45","telefono":"831-234-7694","calle":"Scott","numero":"056","dpto":16,"cpostal":"93907","provincia":"California","localidad":"Virginia"},{"id":39,"nombre":"Pippo","apellido":"Dolling","email":"pdolling12@businessinsider.com","password":"ssEsAEEbJU","telefono":"208-849-1019","calle":"West","numero":"5","dpto":2,"cpostal":"83716","provincia":"Idaho","localidad":"Maryland"},{"id":40,"nombre":"Perkin","apellido":"Boundey","email":"pboundey13@github.io","password":"VD5LhYE8","telefono":"248-929-4804","calle":"Elmside","numero":"59075","dpto":8,"cpostal":"48242","provincia":"Michigan","localidad":"Oklahoma"},{"id":41,"nombre":"Guillema","apellido":"Sibille","email":"gsibille14@usa.gov","password":"eU6ri1ob","telefono":"206-143-0787","calle":"Corben","numero":"0","dpto":5,"cpostal":"98148","provincia":"Washington","localidad":"California"},{"id":42,"nombre":"Alta","apellido":"Jeandot","email":"ajeandot15@seesaa.net","password":"aE0rIgm06","telefono":"601-582-3555","calle":"Northwestern","numero":"28870","dpto":16,"cpostal":"39296","provincia":"Mississippi","localidad":"Florida"},{"id":43,"nombre":"Flor","apellido":"Pennycuick","email":"fpennycuick16@ibm.com","password":"ZS3O0ffibyGx","telefono":"508-186-6295","calle":"Blue Bill Park","numero":"53","dpto":9,"cpostal":"02745","provincia":"Massachusetts","localidad":"New Jersey"},{"id":44,"nombre":"Courtenay","apellido":"Nansom","email":"cnansom17@ovh.net","password":"HXa6hwzp2gc","telefono":"713-542-0906","calle":"Village Green","numero":"32","dpto":2,"cpostal":"77240","provincia":"Texas","localidad":"Ohio"},{"id":45,"nombre":"Selina","apellido":"Beale","email":"sbeale18@imgur.com","password":"0RVVde","telefono":"513-165-6117","calle":"Continental","numero":"11875","dpto":7,"cpostal":"45254","provincia":"Ohio","localidad":"California"},{"id":46,"nombre":"Pennie","apellido":"Bosson","email":"pbosson19@ask.com","password":"A2rCiVsEjwQ1","telefono":"305-163-0595","calle":"Algoma","numero":"25","dpto":1,"cpostal":"33283","provincia":"Florida","localidad":"Texas"},{"id":47,"nombre":"Sheilah","apellido":"Morefield","email":"smorefield1a@businessweek.com","password":"dWTCNbu6SjvA","telefono":"305-703-5398","calle":"Ohio","numero":"15","dpto":8,"cpostal":"33175","provincia":"Florida","localidad":"Pennsylvania"},{"id":48,"nombre":"Adair","apellido":"Gumery","email":"agumery1b@example.com","password":"NuoxNlTAHo","telefono":"520-427-1418","calle":"Ronald Regan","numero":"103","dpto":20,"cpostal":"85720","provincia":"Arizona","localidad":"Florida"},{"id":49,"nombre":"Daryn","apellido":"Grellis","email":"dgrellis1c@printfriendly.com","password":"WUIjs2","telefono":"412-539-9363","calle":"Thompson","numero":"2","dpto":13,"cpostal":"15279","provincia":"Pennsylvania","localidad":"Ohio"},{"id":50,"nombre":"Kiele","apellido":"Leak","email":"kleak1d@seesaa.net","password":"jD7669","telefono":"801-804-2359","calle":"Golf","numero":"98","dpto":11,"cpostal":"84135","provincia":"Utah","localidad":"California"},{"id":51,"nombre":"Joann","apellido":"Defrain","email":"jdefrain1e@wunderground.com","password":"fkle76R5R","telefono":"731-637-3718","calle":"Old Shore","numero":"97","dpto":15,"cpostal":"38308","provincia":"Tennessee","localidad":"Florida"},{"id":52,"nombre":"Amargo","apellido":"Rodenhurst","email":"arodenhurst1f@last.fm","password":"WpnWsiJaXooG","telefono":"240-887-3283","calle":"Vidon","numero":"6025","dpto":6,"cpostal":"20883","provincia":"Maryland","localidad":"Alabama"},{"id":53,"nombre":"Christophe","apellido":"Doyle","email":"cdoyle1g@scientificamerican.com","password":"qEJXFMCZJ0","telefono":"208-965-6146","calle":"Hansons","numero":"2","dpto":3,"cpostal":"83405","provincia":"Idaho","localidad":"Florida"},{"id":54,"nombre":"Aprilette","apellido":"Lavender","email":"alavender1h@earthlink.net","password":"C23INqNL6ekQ","telefono":"561-949-4777","calle":"Moulton","numero":"6","dpto":17,"cpostal":"33467","provincia":"Florida","localidad":"Connecticut"},{"id":55,"nombre":"Gilda","apellido":"Nichols","email":"gnichols1i@foxnews.com","password":"bYRL61wdAl","telefono":"408-759-9501","calle":"Heath","numero":"66","dpto":12,"cpostal":"95155","provincia":"California","localidad":"Texas"},{"id":56,"nombre":"Demetri","apellido":"Stores","email":"dstores1j@umn.edu","password":"aMrTfmykrOgR","telefono":"320-214-9529","calle":"John Wall","numero":"00990","dpto":5,"cpostal":"56372","provincia":"Minnesota","localidad":"Pennsylvania"},{"id":57,"nombre":"Kimmie","apellido":"Khan","email":"kkhan1k@smh.com.au","password":"hDSCySDd7j6f","telefono":"716-327-0789","calle":"Glacier Hill","numero":"5693","dpto":20,"cpostal":"14210","provincia":"New York","localidad":"Illinois"},{"id":58,"nombre":"Iain","apellido":"Edscer","email":"iedscer1l@woothemes.com","password":"zbrjZL8nO3qC","telefono":"406-205-7489","calle":"Sunbrook","numero":"1","dpto":7,"cpostal":"59623","provincia":"Montana","localidad":"North Carolina"},{"id":59,"nombre":"Ryley","apellido":"Beauchop","email":"rbeauchop1m@unc.edu","password":"M5Y3H2","telefono":"862-570-2025","calle":"Morning","numero":"8403","dpto":20,"cpostal":"07544","provincia":"New Jersey","localidad":"Oklahoma"},{"id":60,"nombre":"Conny","apellido":"Giannasi","email":"cgiannasi1n@parallels.com","password":"V3RI5kQK6","telefono":"407-950-7463","calle":"Schiller","numero":"464","dpto":18,"cpostal":"32891","provincia":"Florida","localidad":"Ohio"},{"id":61,"nombre":"Darlleen","apellido":"Deakes","email":"ddeakes1o@senate.gov","password":"TS72gx59M","telefono":"214-443-9017","calle":"Maple","numero":"62011","dpto":1,"cpostal":"75323","provincia":"Texas","localidad":"Texas"},{"id":62,"nombre":"Marcile","apellido":"Shallcrass","email":"mshallcrass1p@gravatar.com","password":"wKLuZWZ","telefono":"614-320-5075","calle":"Sutherland","numero":"6","dpto":4,"cpostal":"43210","provincia":"Ohio","localidad":"Tennessee"},{"id":63,"nombre":"Joan","apellido":"Chimenti","email":"jchimenti1q@squidoo.com","password":"YV8V72","telefono":"314-166-4547","calle":"Trailsway","numero":"3999","dpto":8,"cpostal":"63196","provincia":"Missouri","localidad":"California"},{"id":64,"nombre":"Davidde","apellido":"Officer","email":"dofficer1r@unblog.fr","password":"vekMrRY","telefono":"562-440-7197","calle":"Lerdahl","numero":"83","dpto":17,"cpostal":"90605","provincia":"California","localidad":"Alabama"},{"id":65,"nombre":"Marielle","apellido":"Whitney","email":"mwhitney1s@indiegogo.com","password":"mZU1ihBg","telefono":"805-436-9123","calle":"Washington","numero":"4531","dpto":6,"cpostal":"93005","provincia":"California","localidad":"California"},{"id":66,"nombre":"Katerina","apellido":"Patek","email":"kpatek1t@japanpost.jp","password":"9zGohh9","telefono":"305-302-3144","calle":"Fisk","numero":"42","dpto":1,"cpostal":"33175","provincia":"Florida","localidad":"Texas"},{"id":67,"nombre":"Ceil","apellido":"O' Reagan","email":"coreagan1u@yandex.ru","password":"JAyGJZ8HwDR","telefono":"863-443-5045","calle":"Fieldstone","numero":"75","dpto":12,"cpostal":"33805","provincia":"Florida","localidad":"Arkansas"},{"id":68,"nombre":"Jareb","apellido":"Horrod","email":"jhorrod1v@hexun.com","password":"cq0VDIk4Bu","telefono":"256-265-2947","calle":"Lukken","numero":"6","dpto":6,"cpostal":"36205","provincia":"Alabama","localidad":"Texas"},{"id":69,"nombre":"Leanna","apellido":"Sawbridge","email":"lsawbridge1w@wsj.com","password":"cbgQZ2A","telefono":"617-382-0724","calle":"Charing Cross","numero":"95885","dpto":10,"cpostal":"02216","provincia":"Massachusetts","localidad":"Georgia"},{"id":70,"nombre":"Adrienne","apellido":"Kynan","email":"akynan1x@ustream.tv","password":"YNeZfUfm","telefono":"915-173-1081","calle":"Hazelcrest","numero":"086","dpto":6,"cpostal":"79905","provincia":"Texas","localidad":"Pennsylvania"},{"id":71,"nombre":"Kaela","apellido":"Cadd","email":"kcadd1y@mit.edu","password":"2gQIpC","telefono":"260-276-4062","calle":"Loftsgordon","numero":"920","dpto":15,"cpostal":"46862","provincia":"Indiana","localidad":"Georgia"},{"id":72,"nombre":"Yale","apellido":"Gagie","email":"ygagie1z@virginia.edu","password":"0MbdVTa","telefono":"415-275-5367","calle":"Mitchell","numero":"611","dpto":18,"cpostal":"94177","provincia":"California","localidad":"Washington"},{"id":73,"nombre":"Reynolds","apellido":"Bryce","email":"rbryce20@pinterest.com","password":"xWSXq13Kqr","telefono":"904-887-7725","calle":"Spenser","numero":"566","dpto":19,"cpostal":"32209","provincia":"Florida","localidad":"Minnesota"},{"id":74,"nombre":"Cyb","apellido":"Matussov","email":"cmatussov21@businessinsider.com","password":"zoxsuwM","telefono":"530-873-4677","calle":"Donald","numero":"88","dpto":15,"cpostal":"96154","provincia":"California","localidad":"Massachusetts"},{"id":75,"nombre":"Jesse","apellido":"St Louis","email":"jstlouis22@guardian.co.uk","password":"PFYbcis1cBzz","telefono":"770-627-3238","calle":"Reindahl","numero":"278","dpto":19,"cpostal":"30066","provincia":"Georgia","localidad":"California"},{"id":76,"nombre":"Peter","apellido":"Flipsen","email":"pflipsen23@slate.com","password":"UZB36es","telefono":"757-251-0419","calle":"Pine View","numero":"82","dpto":12,"cpostal":"23705","provincia":"Virginia","localidad":"Michigan"},{"id":77,"nombre":"Goldi","apellido":"Sherebrooke","email":"gsherebrooke24@sitemeter.com","password":"ITvJK80KjwW","telefono":"713-476-3205","calle":"Esker","numero":"336","dpto":13,"cpostal":"77206","provincia":"Texas","localidad":"Indiana"},{"id":78,"nombre":"Shay","apellido":"Jobson","email":"sjobson25@pen.io","password":"MojyMH73nE","telefono":"757-499-6688","calle":"Mccormick","numero":"4","dpto":9,"cpostal":"23509","provincia":"Virginia","localidad":"Iowa"},{"id":79,"nombre":"Alene","apellido":"Legion","email":"alegion26@123-reg.co.uk","password":"vCwO3X4c16ja","telefono":"256-330-2061","calle":"Bay","numero":"62","dpto":11,"cpostal":"35805","provincia":"Alabama","localidad":"New York"},{"id":80,"nombre":"Ibbie","apellido":"Costin","email":"icostin27@aol.com","password":"k9eZj4Kv","telefono":"858-859-8620","calle":"Roxbury","numero":"954","dpto":11,"cpostal":"95054","provincia":"California","localidad":"Tennessee"},{"id":81,"nombre":"Delmore","apellido":"McKerton","email":"dmckerton28@icq.com","password":"mjk1DIWOZ","telefono":"209-662-3308","calle":"Rigney","numero":"0927","dpto":7,"cpostal":"95219","provincia":"California","localidad":"California"},{"id":82,"nombre":"Cord","apellido":"Aldin","email":"caldin29@ebay.co.uk","password":"Qu30Jbv","telefono":"320-767-1631","calle":"Meadow Valley","numero":"0","dpto":12,"cpostal":"56398","provincia":"Minnesota","localidad":"Delaware"},{"id":83,"nombre":"Tabbie","apellido":"Huxtable","email":"thuxtable2a@stumbleupon.com","password":"Arp6O1e","telefono":"775-100-3094","calle":"Anniversary","numero":"505","dpto":4,"cpostal":"89706","provincia":"Nevada","localidad":"Pennsylvania"},{"id":84,"nombre":"Dud","apellido":"Simoneton","email":"dsimoneton2b@lycos.com","password":"1AiBQ1le","telefono":"503-157-5262","calle":"American","numero":"94579","dpto":13,"cpostal":"97221","provincia":"Oregon","localidad":"Tennessee"},{"id":85,"nombre":"Mathilde","apellido":"Salzberg","email":"msalzberg2c@theatlantic.com","password":"r14bjkUH1","telefono":"706-988-2274","calle":"Fremont","numero":"8039","dpto":2,"cpostal":"30905","provincia":"Georgia","localidad":"Maryland"},{"id":86,"nombre":"Antons","apellido":"Chupin","email":"achupin2d@infoseek.co.jp","password":"T9sxo4h1q9y","telefono":"954-651-5537","calle":"Lighthouse Bay","numero":"1696","dpto":1,"cpostal":"33325","provincia":"Florida","localidad":"New Jersey"},{"id":87,"nombre":"Sid","apellido":"Doswell","email":"sdoswell2e@youtube.com","password":"AhiPVeTdKCC","telefono":"202-421-5958","calle":"Northland","numero":"72980","dpto":11,"cpostal":"20238","provincia":"District of Columbia","localidad":"Alabama"},{"id":88,"nombre":"Sandra","apellido":"Spinige","email":"sspinige2f@addtoany.com","password":"ouG15gF","telefono":"626-274-4671","calle":"Red Cloud","numero":"10","dpto":3,"cpostal":"91199","provincia":"California","localidad":"Illinois"},{"id":89,"nombre":"Gottfried","apellido":"Roelofs","email":"groelofs2g@loc.gov","password":"cwMRlwattme","telefono":"501-709-6872","calle":"Onsgard","numero":"396","dpto":5,"cpostal":"72204","provincia":"Arkansas","localidad":"Massachusetts"},{"id":90,"nombre":"Dominick","apellido":"Rosso","email":"drosso2h@economist.com","password":"NFmcnka69G","telefono":"254-769-3499","calle":"Sommers","numero":"454","dpto":10,"cpostal":"76796","provincia":"Texas","localidad":"Texas"},{"id":91,"nombre":"Dannel","apellido":"McGettigan","email":"dmcgettigan2i@google.it","password":"3QKkRZ","telefono":"214-281-6655","calle":"Rockefeller","numero":"329","dpto":11,"cpostal":"75379","provincia":"Texas","localidad":"Texas"},{"id":92,"nombre":"Marlowe","apellido":"Kenlin","email":"mkenlin2j@mail.ru","password":"OK3mgdOqosU","telefono":"303-870-9154","calle":"Victoria","numero":"78","dpto":10,"cpostal":"80249","provincia":"Colorado","localidad":"Florida"},{"id":93,"nombre":"Madlen","apellido":"MacGettigen","email":"mmacgettigen2k@sogou.com","password":"FfHr4UU1q","telefono":"706-696-2210","calle":"Hollow Ridge","numero":"0796","dpto":4,"cpostal":"31904","provincia":"Georgia","localidad":"Ohio"},{"id":94,"nombre":"Steffane","apellido":"Mazzeo","email":"smazzeo2l@creativecommons.org","password":"kS0XRrfhVK","telefono":"515-978-1225","calle":"Quincy","numero":"17","dpto":4,"cpostal":"50369","provincia":"Iowa","localidad":"New York"},{"id":95,"nombre":"Eustacia","apellido":"Hatry","email":"ehatry2m@multiply.com","password":"IiozBF0","telefono":"610-459-1359","calle":"Arkansas","numero":"39","dpto":12,"cpostal":"19109","provincia":"Pennsylvania","localidad":"Alabama"},{"id":96,"nombre":"Elia","apellido":"Bonner","email":"ebonner2n@guardian.co.uk","password":"Wl5Bbj","telefono":"760-907-3757","calle":"Kenwood","numero":"1","dpto":11,"cpostal":"92121","provincia":"California","localidad":"Montana"},{"id":97,"nombre":"Der","apellido":"Tapner","email":"dtapner2o@google.fr","password":"qie96PKe","telefono":"772-943-0917","calle":"2nd","numero":"035","dpto":9,"cpostal":"34985","provincia":"Florida","localidad":"California"},{"id":98,"nombre":"Phillip","apellido":"Hazelgrove","email":"phazelgrove2p@bing.com","password":"IQMr6xdHvJyb","telefono":"253-221-5958","calle":"Alpine","numero":"0","dpto":20,"cpostal":"98042","provincia":"Washington","localidad":"Nebraska"},{"id":99,"nombre":"Garrot","apellido":"McLeary","email":"gmcleary2q@flavors.me","password":"wZkHFb","telefono":"305-315-7537","calle":"Doe Crossing","numero":"8","dpto":17,"cpostal":"33487","provincia":"Florida","localidad":"Michigan"},{"id":100,"nombre":"Yolane","apellido":"Gully","email":"ygully2r@google.com.au","password":"0jfIAb85Lqq1","telefono":"319-427-2354","calle":"Barby","numero":"60520","dpto":"12","cpostal":"50707","provincia":"Iowa","localidad":"Florida"},{"id":101,"nombre":"Jonatan","apellido":"Céspedes","email":"retratos.jonatan@gmail.com","password":"$2b$12$5M1lAsX7Z/tw9KZbiES.S.OLcHO/iqonGch9fRRWbf5nUlknkRAOS","telefono":"1167531330","calle":"Crisologo Larralde","numero":"5951","dpto":"","cpostal":"B1875","provincia":"Buenos Aires","localidad":"Wilde"},{"id":102,"nombre":"Jonatan","apellido":"Céspedes","email":"retratos.jonatan@gmail.com","password":"$2b$12$txJoQVZq6mbSKiG6m3h4GefwxqjbAkqfZkbZ4KnSaZHCRUiifr.pG","telefono":"1167531330","calle":"Crisologo Larralde","numero":"3","dpto":"","cpostal":"","provincia":"","localidad":""},{"id":103,"nombre":"Jonatan","apellido":"Céspedes","email":"retratos.jonatan@gmail.com","password":"$2b$12$m/O2j0nhqQ5OwgSSJvOpCeCdAeU7HAxQalHDoXc3Yn7eCpl2Y0G0i","telefono":"1567531330","calle":"Crisologo Larralde","numero":"5953","dpto":"","cpostal":"1875","provincia":"Buenos Aires","localidad":"Wilde","admin":true},{"id":104,"nombre":"Maximo","apellido":"De Michieli","email":"maxidemichieli@gmail.com","password":"$2b$12$m359RvHch82EMAXxK3VRrONR1R/143XC5iJnq4EonWwwQS7ZWTwdW","telefono":"1121648374","calle":"Salerno","numero":"1180","dpto":"12","cpostal":"1663","provincia":"Buenos Aires","localidad":"San Miguel","admin":true},{"id":105,"nombre":"Maximo","apellido":"De Michieli","email":"maxdemichieli@gmail.com","password":"$2b$12$WHPPhE1t0URT8bg/PVzv2eQU/97wel30x9vkLmuhAhHeX6HrvyBJu","telefono":null,"calle":null,"numero":null,"dpto":null,"cpostal":null,"provincia":null,"localidad":null,"admin":false}]